source,dest,next_hop,cost,path,alt_next_hop,alt_cost,alt_path
A,B,C,3.0,A->C->B,B,4.0,A->B
A,C,C,2.0,A->C,B,5.0,A->B->C
A,D,C,8.0,A->C->B->D,B,9.0,A->B->D
A,E,C,10.0,A->C->B->D->E,B,11.0,A->B->D->E
A,F,C,13.0,A->C->B->D->E->F,B,14.0,A->B->D->E->F
B,A,C,3.0,B->C->A,A,4.0,B->A
B,C,C,1.0,B->C,A,6.0,B->A->C
B,D,D,5.0,B->D,C,9.0,B->C->D
B,E,D,7.0,B->D->E,C,11.0,B->C->E
B,F,D,10.0,B->D->E->F,C,14.0,B->C->E->F
C,A,A,2.0,C->A,B,5.0,C->B->A
C,B,B,1.0,C->B,A,6.0,C->A->B
C,D,B,6.0,C->B->D,D,8.0,C->D
C,E,B,8.0,C->B->D->E,E,10.0,C->E
C,F,B,11.0,C->B->D->E->F,E,13.0,C->E->F
D,A,B,8.0,D->B->C->A,C,10.0,D->C->A
D,B,B,5.0,D->B,C,9.0,D->C->B
D,C,B,6.0,D->B->C,C,8.0,D->C
D,E,E,2.0,D->E,F,9.0,D->F->E
D,F,E,5.0,D->E->F,F,6.0,D->F
E,A,D,10.0,E->D->B->C->A,C,12.0,E->C->A
E,B,D,7.0,E->D->B,C,11.0,E->C->B
E,C,D,8.0,E->D->B->C,C,10.0,E->C
E,D,D,2.0,E->D,F,9.0,E->F->D
E,F,F,3.0,E->F,D,8.0,E->D->F
F,A,E,13.0,F->E->D->B->C->A,D,14.0,F->D->B->C->A
F,B,E,10.0,F->E->D->B,D,11.0,F->D->B
F,C,E,11.0,F->E->D->B->C,D,12.0,F->D->B->C
F,D,E,5.0,F->E->D,D,6.0,F->D
F,E,E,3.0,F->E,D,8.0,F->D->E
